id,dialogue,summary
13862856,"Hannah: Hey, do you have Betty's number?
Amanda: Lemme check
Hannah: <file_gif>
Amanda: Sorry, can't find it.
Amanda: Ask Larry
Amanda: He called her last time we were at the park together
Hannah: I don't know him well
Hannah: <file_gif>
Amanda: Don't be shy, he's very nice
Hannah: If you say so..
Hannah: I'd rather you texted him
Amanda: Just text him üôÇ
Hannah: Urgh.. Alright
Hannah: Bye
Amanda: Bye bye","Hannah asks for Betty's number, Amanda suggests asking Larry, Hannah hesitates but eventually agrees to text him."
13729565,"Eric: MACHINE!
Rob: That's so gr8!
Eric: I know! And shows how Americans see Russian ;)
Rob: And it's really funny!
Eric: I know! I especially like the train part!
Rob: Hahaha! No one talks to the machine like that!
Eric: Is this his only stand-up?
Rob: Idk. I'll check.
Eric: Sure.
Rob: Turns out no! There are some of his stand-ups on youtube.
Eric: Gr8! I'll watch them now!
Rob: Me too!
Eric: MACHINE!
Rob: MACHINE!
Eric: TTYL?
Rob: Sure :)","Eric and Rob discuss a comedy show, finding humor in a stand-up's portrayal of Americans and Russians. They plan to watch more online."
13680171,"Lenny: Babe, can you help me with something?
Bob: Sure, what's up?
Lenny: Which one should I pick?
Bob: Send me photos
Lenny:  <file_photo>
Lenny:  <file_photo>
Lenny:  <file_photo>
Bob: I like the first ones best
Lenny: But I already have purple trousers. Does it make sense to have two pairs?
Bob: I have four black pairs :D :D
Lenny: yeah, but shouldn't I pick a different color?
Bob: what matters is what you'll give you the most outfit options
Lenny: So I guess I'll buy the first or the third pair then
Bob: Pick the best quality then
Lenny: ur right, thx
Bob: no prob :)","Lenny seeks Bob's fashion advice, choosing between trousers. Bob suggests best quality for outfit versatility. Friendship support displayed."
13729438,"Will: hey babe, what do you want for dinner tonight?
Emma:  gah, don't even worry about it tonight
Will: what do you mean? everything ok?
Emma: not really, but it's ok, don't worry about cooking though, I'm not hungry
Will: Well what time will you be home?
Emma: soon, hopefully
Will: you sure? Maybe you want me to pick you up?
Emma: no no it's alright. I'll be home soon, i'll tell you when I get home. 
Will: Alright, love you. 
Emma: love you too. ","Will offers to cook dinner but Emma declines; she's not hungry and dealing with something, to be home soon."
13828600,"Ollie: Hi , are you in Warsaw
Jane: yes, just back! Btw are you free for diner the 19th?
Ollie: nope!
Jane: and the  18th?
Ollie: nope, we have this party and you must be there, remember?
Jane: oh right! i lost my calendar..  thanks for reminding me
Ollie: we have lunch this week?
Jane: with pleasure!
Ollie: friday?
Jane: ok
Jane: what do you mean "" we don't have any more whisky!"" lol..
Ollie: what!!!
Jane: you just call me and the all thing i heard was that sentence about whisky... what's wrong with you?
Ollie: oh oh... very strange! i have to be carefull may be there is some spy in my mobile! lol
Jane: dont' worry, we'll check on friday.
Ollie: don't forget to bring some sun with you
Jane: I can't wait to be in Morocco..
Ollie: enjoy and see you friday
Jane: sorry Ollie, i'm very busy, i won't have time for lunch  tomorrow, but may be at 6pm after my courses?this trip to Morocco was so nice, but time consuming!
Ollie: ok for tea!
Jane: I'm on my way..
Ollie: tea is ready, did you bring the pastries?
Jane: I already ate them all... see you in a minute
Ollie: ok","Ollie and Jane plan meetups in Warsaw, discuss calendar, spy jokes, and set up a tea date."
13716964,"Benjamin: Hey guys, what are we doing with the keys today?
Hilary: I've got them. Whoever wants them can meet me at lunchtime or after
Elliot: I'm ok. We're meeting for the drinks in the evening anyway and I guess we'll be going back to the apartment together?
Hilary: Yeah, I guess so
Daniel: I'm with Hilary atm and won't let go of her for the rest of the day, so any option you guys choose is good for me
Benjamin: Hmm I might actually pass by at lunchtime, take the keys and go take a nap. I'm sooo tired after yesterday
Hilary: Sounds good. We'll be having lunch with some French people (the ones who work on the history of food in colonial Mexico - I already see you yawning your head off)
Benjamin: YAAAAWN üôä Where and where are you meeting?
Hilary: So I'm meeting them at the entrance to the conference hall at 2 pm and then we'll head to this place called La Cantina. Italian cuisine, which is quite funny, but that's what they've chosen
Benjamin: Interesting üò± To be honest, Hilary, I almost feel like changing my mind. Wanting to take this nap might end up costing me to dear
Hilary: Oh come on üòÇ
Benjamin: All these terrible obstacles on mu way to bed might just prove to much to take
Hilary: We'll try to avoid talking about their subject of research. Oh wait, no, I'm actually meeting them because I wanted to chat about their research lol
Elliot: üôâ
Hilary: Do join us, we're going to have fun. And then you'll take the keys and take this most deserved of naps
Elliot: Sounds like a plan üòÇ
Hilary: üòé
Elliot: See you at 2 then xx",Friends discuss plans to hand over keys; Benjamin considers joining lunch but opts for a nap instead.
13731487,"Max: Know any good sites to buy clothes from?
Payton: Sure :) <file_other> <file_other> <file_other> <file_other> <file_other> <file_other> <file_other>
Max: That's a lot of them!
Payton: Yeah, but they have different things so I usually buy things from 2 or 3 of them.
Max: I'll check them out. Thanks. 
Payton: No problem :)
Max: How about u?
Payton: What about me?
Max: Do u like shopping?
Payton: Yes and no.
Max: How come?
Payton: I like browsing, trying on, looking in the mirror and seeing how I look, but not always buying.
Max: Y not?
Payton: Isn't it obvious? ;)
Max: Sry ;)
Payton: If I bought everything I liked, I'd have nothing left to live on ;)
Max: Same here, but probably different category ;)
Payton: Lol
Max: So what do u usually buy?
Payton: Well, I have 2 things I must struggle to resist!
Max: Which are?
Payton: Clothes, ofc ;)
Max: Right. And the second one?
Payton: Books. I absolutely love reading!
Max: Gr8! What books do u read?
Payton: Everything I can get my hands on :)
Max: Srsly?
Payton: Yup :)","Max and Payton discuss online shopping, Payton's shopping habits, and her love for reading various genres of books."
13814882,"Rita: I'm so bloody tired. Falling asleep at work. :-(
Tina: I know what you mean.
Tina: I keep on nodding off at my keyboard hoping that the boss doesn't notice..
Rita: The time just keeps on dragging on and on and on.... 
Rita: I keep on looking at the clock and there's still 4 hours of this drudgery to go.
Tina: Times like these I really hate my work.
Rita: I'm really not cut out for this level of boredom.
Tina: Neither am I.","Rita and Tina commiserate over feeling exhausted and bored at work, both wishing time would pass quicker."
13809974,"Ivan: hey eric
Eric: yeah man
Ivan: so youre coming to the wedding
Eric: your brother's
Ivan: yea
Eric: i dont know mannn
Ivan: YOU DONT KNOW??
Eric: i just have a lot to do at home, plus i dont know if my parents would let me
Ivan: ill take care of your parents
Eric: youre telling me you have the guts to talk to them XD
Ivan: thats my problem
Eric: okay man, if you say so
Ivan: yea just be there 
Eric: alright",Ivan invites Eric to his brother's wedding. Eric unsure due to household responsibilities. Ivan offers to talk to Eric's parents.
13680771,"Wanda: Let's make a party!
Gina: Why?
Wanda: beacuse. I want some fun!
Gina: ok, what do u need?
Wanda: 1st I need too make a list
Gina: noted and then?
Wanda: well, could u take yours father car and go do groceries with me?
Gina: don't know if he'll agree
Wanda: I know, but u can ask :)
Gina: I'll try but theres no promisess
Wanda: I know, u r the best!
Gina: When u wanna go
Wanda: Friday?
Gina: ok, I'll ask",Wanda wants to make a party for fun and asks Gina for help with planning and groceries.
13680137,"Charlee: I'm in class. Theatre in Portuguese lol
Curtis: Realllly?
Charlee: Yes. One of my subjects at the university that I attend is portuguese theatre. We are preparing a performance
Curtis: What performance is this? Are you devising it?
Charlee: A polish one translated into portuguese
Curtis: Thats quite cool. Who is the writer?
Charlee: Mro≈ºek","Charlee is taking a Portuguese theatre class at university, preparing a performance based on a translated Polish play by Mro≈ºek."
13864627,"Mary: Are you going by car or train?
Tom: Ella rented a car
Ella: this makes all of this much faster
Mary: good decision","Mary asks how they will travel, Tom says Ella rented a car for faster travel. Mary agrees it's a good decision."
13680757,"Greg: Hi, honey. I need to stay after hours :-(
Betsy: Again?
Greg: I'm sorry!
Betsy: What about Johnny?
Greg: Well, could you pick him up? 
Betsy: What if I can't?
Greg: Betsy?
Betsy: What if I can't?
Greg: Can't you, really?
Betsy: I can't. Today I need to work long hours as well. Tuesdays are your days in the kindergarten.
Greg: Talk to you later. I'll see what I can do.
Betsy: You'd better think of something.
Greg: Oh. Just stop it now.","Greg needs to stay after work, wife Betsy can't pick up kid due to her own long hours."
13716777,"Ethan: somethin for Scott <file_photo>
Toby: haha, totally
Marshall: pretty much sums it up
Scott: you know you're exactly fuckin the same
Toby: oh we know honey bunny
Marshall: we just enjoy making fun of YOU
Ethan: xD
Scott: oh fuck y'all
Toby: <file_gif>",Friends tease Scott with humour and jest as Scott playfully responds with laughter and light-hearted banter.
13828901,"Igor: Shit, I've got so much to do at work and I'm so demotivated. 
John: It's pretty irresponsible to give that much work to someone on their notice period.
Igor: Yeah, exactly! Should I even care?
John: It's up to you, but you know what they say...
Igor: What do you mean?
John: Well, they say how you end things shows how you really are...
Igor: And now how you start, right?
John: Gotcha! 
Igor: So what shall I do then? 
John: It's only two weeks left, so grit your teeth and do what you have to do. 
Igor: Easy to say, hard to perform.
John: Come on, stop thinking, start doing! 
Igor: That's so typical of you!  ;)  ","Igor struggles with work motivation, John advises professionalism on notice period, ending with a playful exchange."
13728509,"Clara: Hi, what you up to?
Neela: Not much, chilling out.
Clara: Just rewatching Dear White People on Netflix, love it!üòç
Neela: Oh yeah, heard of it, but not seen it yet? Any good?
Clara: Well, yes! I just said it was, LOL. It's about a fictional Ivy League University and the students in one House of Residence.
Neela: Why is it called Dear White People?
Clara: That's the name of the radio show the main character, Sam, presents on college radio.
Neela: Yeah, but why is it so good?
Clara: Well, it's mainly stories from the perspective of black students there, which I find very interesting. The characters are strong and likeable too.
Neela: I suppose it's rather different from the UK, then?
Clara: It seems so, as there is a lot more racial awareness and discrimination there than here. It all kicks off when there is a Blackface party held by an elite group of white students, which gets out of hand.
Neela: How's that?
Clara: Well, obviously, the black students try to break it up and there's also an incident where one guy, Reggie, gets a loaded gun pointed at him by a campus policeman after he gets into an argument with a white student. It may be at another party, though, I'm not sure of that.
Neela: Oh, that sounds pretty strong stuff. What else happens?
Clara: Well, there is a young black guy called Lionel who is coming to terms with being gay and is finding his voice as a journalist. He unearths corruption at the uni and he and Sam also uncover some conspiracy theory stuff about secret societies.
Neela: Well, I must say, it does sound good, I'll check it out soon!
Clara: Definitely, there is supposed to be a Series 3 coming up next year, really looking forward to it!
Neela: Well, thanks Clara, I'm just watching the rest of a movie and I'll try Dear White People.
Clara: Don't blame me if you get hooked and stay up till 4!
Neela: See ya, love!
Clara: Bye!","Clara and Neela discuss the TV show ""Dear White People,"" praising its racial commentary and complex characters. They plan to watch it."
13728958,"Deirdre: Hi Beth, how are you love?
Beth: Hi Auntie Deirdre, I'm been meaning to message you, had a favour to ask.
Deirdre: Wondered if you had any thought about your Mum's 40th, we've got to do something special!
Beth: How about a girls weekend, just mum, me, you and the girls, Kira will have to come back from Uni, of course.
Deirdre: Sounds fab! Get your thinking cap on, it's only in 6 weeks! Bet she's dreading it, I remember doing that!
Beth: Oh yeah, we had a surprise party for you, you nearly had a heart attack! 
Deirdre: Well, it was a lovely surprise! Gosh, thats nearly 4 years ago now, time flies! What was the favour, darling?
Beth: Oh, it was just that I fancied trying a bit of work experience in the salon, auntie.
Deirdre: Well, I am looking for Saturday girls, are you sure about it? you could do well in the exams and go on to college or 6th form.
Beth: I know, but it's not for me, auntie, I am doing all foundation papers and I'm struggling with those.
Deirdre: What about a tutor? Kira could help you in the hols.
Beth: Maybe, but I'd like to try working. I'm 16 soon, I'm old enough.
Deirdre: I know. Look, pop in tomorrow after school and we'll have a cuppa and a chat.
Beth: Yes, thanks auntie. I'd really like to try the beauty therapy side.
Deirdre: Its not for the squeamish, mind. Massage, pedicures, not to mention waxing!
Beth: Oh yes, I was chatting to a friend about it yesterday!
Deirdre: Maxine manages the beauty side, you can meet her tomorrow and we'll see how it goes.
Beth: Yes, I'd really like that. 
Deirdre: We can try a few hours on a Saturday for a couple of weeks as work experience. I'll give you a tenner or so per session to start off for your lunch, coffee and bus fare etc. If you like, we'll take it from there.
Beth: OK, I like the sound of it! See you tomorrow Auntie! Love you!
Deirdre: Bye, lovely girl! Xx",Deirdre and Beth plan a special birthday surprise for Beth's mum and discuss Beth's desire to work in Deirdre's salon.
13829966,"Adam: Have you talked to May?
Karen: Yes, yesterday, why?
Adam: I just talked to her and I must admit I worry about her
Karen: Me too, I suggested she should see a specialist, but she wasn't very happy about it
Adam: No wonder...
Karen: I know, but I think this is serious. She's saying she's depressed, like everyone around, but in her case it may be true
Adam: She was telling me she doesn't feel like doing anything, she's bored all the time, she never feels happy. It sounds like a real, typical depression
Adam: She also told me that she has trouble sleeping. I asked her to go out for a beer or anything basically, but she doesn't want to leave the flat
Karen: Oh my, it sounds really serious. I don't what to tell you
Adam: I was wondering how I can help her
Karen: Honestly I don't know if we can help her, Adam. I suggested a specialist because these are very sensitive issues and I'm afraid we may unintentionally make it worse
Adam: Yes, but she doesn't want to see a specialist. Basically, she doesn't want to see anyone
Karen: Hm... I don't know... How about I call someone for advice? So we could know what to do
Adam: Sounds rational, do you know anyone you could call? Don't mention her name
Karen: Of course I won't! I have a friend who's a psychologist, we can trust her. I'll let you know
Adam: Thank you Karen!","Adam and Karen discuss May's potential depression, considering specialist help, and seeking advice from a psychologist friend."
13864400,"Anne: You were right, he was lying to me :/
Irene: Oh no, what happened?
Jane: who? that Mark guy?
Anne: yeah, he told me he's 30, today I saw his passport - he's 40
Irene: You sure it's so important?
Anne: he lied to me Irene","Anne discovers Mark's lie about his age, Irene questions the significance, but Anne insists on its importance."
13716103,"Augustine: Guys, remember it's Wharton's bday next week?
Darlene: yay, a party!
Heather: yay! crap we need to buy him a present
Walker: he mentioned paper shredder once
Augustine: wtf?!?
Walker: he did really. for no reason at all.
Heather: whatever that make him happy
Darlene: cool with me. we can shred some papers at the party 
Augustine: so much fun
Heather: srsly guys, you mean we should really get office equipment???
Darlene: Walk, ask him if he really wnts it and if he yes then we get it
Walker: i heard him say that. wasn;t drunk. me neither.
Darlene: but better ask him twice
Walker: will do
Augustine: 2moro ok?
Darlene: and sure ask ab the party!","Friends discuss buying a paper shredder as a birthday gift for Wharton, planning a party."
13716128,"Ollie: Okay, Kelly! Ur up nxt!
Kelly: Me? I don't wanna.
Mickey: C'mon!
Jessica: Yeah! What's yours?
Kelly: Fine. It's a sculpture garden in Finnland.
Ollie: What's scary about sculptures? Wait! Do they resemble vampires and stuff?
Mickey: Nah, I'm sure they look rly nice.
Kelly: It's not the sculptures, it's the amount of them and their faces!
Jessica: Faces? What faces?
Kelly: Well, they resemble ppl in different activities like hugging, training, doing sport and so on. But the faces are just morbid and there's like a hundred of them. All staring at you!
Ollie: Another one?
Mickey: Certainly!
Jessica: Well, Ollie, ur turn!
Ollie: Nagoro village in Japan!
Mickey: Y?
Ollie: Well, maybe it's not scary, but it similar to Kelly's place. It's just creepy as hell.
Jessica: Bt y?
Ollie: Imagine a village with ppl living in it. And in the same village u have these human-sized figures. And there's more of them than the ppl that actually live there!
Kelly: Creepy AH!
Mickey: WTF?! Y would ppl even do that?
Jessica: Idk. Idc. Never. Going. There.
Ollie: See! Mine was the worst!
Jessica: Bt not the scariest!
Ollie: Point taken.
Mickey: Listen, guys, fun talking to u, bt gotta go. 
Kelly: Yeah, me too. Bye!
Jessica: Bye!
Ollie: Cu!","A group discusses scary places, including a sculpture garden in Finland and a village in Japan with eerie human-sized figures."
13682496,"Myah: <file_photo>
Selah: I can't see the phone number very well. Rewrite it plz
Myah: <file_photo>
Selah: The phone of that person is off","Selah asks Myah to rewrite a phone number, but Myah informs her the person's phone is off."
13730015,"Eric: Hey Bella, What happened today in boss's room?? Was he angry??
Bella: NO NO!!! He wasn't angry at all.. He actually appreciated on our brave deccision to dismiss the request of client..
Eric: REALLY!! He appreciated this decision..
Bella: Yeah he really did.. I too was astounded by his reaction...
Eric: What could possibly lead to this?? I mean , they were potential clients...
Bella: What he told me was that he was looking forward to bring in new clients which were our current client's competitor..
Eric: Oh that could possibly be the reason.Well anyways you got appreciation xD congo	
Bella: hahaha Blessing in disguise xD",Bella tells Eric the boss appreciated their decision to dismiss a client's request for new competitors.
13716107,"Jesse: I have an idea that'll cheer u up!
Melvin: What is it?
Jesse: I was thinking about doing something 4 the less fortunate this year. 
Lee: Gr8 idea! Anything in mind?
Maxine: So no presents 4 me? :(
Jesse: U'll get ur presents, no worries ;)
Maxine: Phew! Was getting a bit worried for a moment ;)
Melvin: Bt what do u have in store?
Jesse: Well, have u heard about the Refuge?
Lee: No. What's that?
Melvin: That's the Christmas foundation to help women and children?
Maxine: I think I've heard of them. So what about them?
Jesse: That's right! They help women and children who escape from abuse. And every year they post wish lists of such ppl online and I thought that we could choose one and chip in. 
Melvin: That's a great idea!
Lee: Count me in!
Maxine: Me too.
Jesse: Have a look at these 3 lists: <file_other> <file_other> <file_other>
Lee: I think the second one would be the easiest to arrange.
Maxine: Agree.
Melvin: What about number 3? A bit ambitious, but if we pull together, we'll manage.
Jesse: Actually, I'm in for the 3rd one.
Maxine: I think the 2nd list would be better. The items cos more or less the same and we can easily divide it.
Melvin: But if we agree to chip in the same amount of money, we can deal with the 3rd one easily. 
Lee: Come to think of it, the 3rd one is not that bad. A bit of planning and logistics and were good to go. 
Jesse: So it's settled?
Melvin: Yup.
Lee: Sure. 
Maxine: Fine.",Friends discuss helping the less fortunate by choosing a wish list from a refuge for women and children. They agree on a list to contribute to.
13728966,"Mary: hey, im kinda broke, lend me a few box
Carter: okay, give me an hour, im at the train station
Mary: cool, thanks","Mary asks Carter for money, he agrees to meet her at the train station in an hour."
13828761,"Charlotte: Hello Paula, a funny question: how do you pronounce 'Natal lily', the name of the plant? It refers to the region of ZA and not to the word 'natal' as in 'his natal day', right?
Paula: Hi Charlotte, 'nu tell', 'nu' as in 'number'.
Charlotte: And the stress on the second syllable? Or the first?
Paula: 2nd
Charlotte: Thank you dear.
Paula: <file_other>
Charlotte: Lovely to hear your voice!!
Paula: :$
Paula: <file_other>
Charlotte: :X","Charlotte asks Paula how to pronounce 'Natal lily,' Paula responds, ""nu tell"" with stress on the second syllable. Charlotte thanks Paula."
13728735,"Jack: Cocktails later?
May: YES!!!
May: You read my mind...
Jack: Possibly a little tightly strung today?
May: Sigh... without question.
Jack: Thought so.
May: A little drink will help!
Jack: Maybe two!","Jack suggests cocktails, May eagerly agrees. May admits feeling tense. Jack suggests drinks may help, maybe two."
13828647,"Margaret: Honey, buy me some painkiller.
Jack: What is going on?
Margaret: Terrible headache!
Jack: Maybe you should rest!","Margaret asks Jack for painkiller due to a headache, Jack suggests rest."
13864532,"Daniel: have you guys played DA?
Mary: which one?
Daniel: Inquisition
Mary: damn yes
Mary: love it to bits - team Dorian <3
Lucas: is it any good? I played just DA II
Mary: is it any good?! it's fucking brilliant!!!
Mary: Dan, are you playing?
Daniel: just started and I'm not sure, trying to get used to the mechanics
Mary: you have to give it a go, I was sceptical at first, but... omg, wait for Dorian
Lucas: Is it better than 2?
Mary: oh yes","Daniel and Mary discuss Dragon Age: Inquisition, praising it compared to Dragon Age II. Mary particularly loves the character Dorian."
13810120,"Riley: Chloe is on tv!!
James: on which channel?
James: never mind i've found it
James: what is she doing? i don't get it
Riley: this is a programme in which women undergo a complete metamorphosis.
Riley: OMG she looks drop dead gorgeous!","Riley excitedly points out Chloe on TV, explaining she's in a show where women undergo transformations; they both admire her."
13716025,"Josh: Stephen, I think you've accidentaly taken my notebook home
Stephen: wait lemme check
Stephen: nope, I don't see it anywhere
Jack: oh shit, I've got it xDDD I don't even know why
Josh: xDDD ok, no problem, cool I know where it is
Jack: I'll bring it tomorow","Josh informs Stephen about a missing notebook, Jack discovers he has it, promises to return it tomorrow."
13810245,"Lola: hey girlfriend, what's up?
Adele: Oh, hi Lols, not much.
Adele: got a new dog.
Lola: another one?
Adele: Yup. a pup biscuit lab. 4 months. Chewy.
Lola: how did the others react?
Adele: the cats keep their distance, Poppy and Lulu seem to mother him. Speedy wants to play.
Lola: no fighting? that's new.
Adele: they say puppies are accepted by other animals more easily than older dogs
Lola: especially girl dogs, probably
Adele: with the other ones I had to wean them because I took them in as adult dogs. And girls like to fight. like crazy.
Lola: doggies, right/.
Adele: that too :P
Lola: haha. true though.
Adele: I know, right. Anyway, called him Bones. He's so plump it kinda fit.
Lola: cute. can't wait to see him.",Lola and Adele discuss Adele's new puppy named Bones and how their other pets react to him.
13863202,"Kristian: Adidas Or Nike?üòÉ
Tabora: Adidas(ÔºæÔΩñÔºæ)
Kristian: Watermelon or orange?üòÉüòÉ
Tabora: Orange(ÔºæÔΩñÔºæ)
Kristian: Superman or batman?üòÉüòÉüòÉ
Tabora: Batman(ÔºæÔΩñÔºæ)
Tabora: What are we doing now?
Kristian: Just playing gamesüòÉüòÉüòÉüòÉ
Kristian: Wanna keep going?üòÉ
Tabora: Sure! It is kinda fun!(*^0^*)
Kristian: Films or books?üòÉüòÉüòÄüòÄüòÄüòÄüòÄüòÄ
Tabora: Films!(ÔºæÔΩñÔºæ)
Tabora: When is my turn?","Friends play a game choosing between Adidas and Nike, watermelon and orange, Superman and Batman, films or books."
13819035,"Petra: I need to sleep, I can't stand how sleepy I am
Andy: I know, and it's so boring today, nobody's working at the office
Ezgi: I am working! lazy pigs
Petra: I'm sleeping with my eyes open, kill me
Andy: ask the fat woman from HR
Petra: she would kill me on spot without batting an eye
Andy: she always repeats she has a black belt in karate 
Petra: it's hard to believe she can move, but let her have whatever belt she wants
Andy: LOL
Petra: sooooo sleepy","Petra and Andy complain about being sleepy and bored at work, joking about a karate-trained coworker."
13817042,"Lilly: sorry, I'm gonna be late
Lilly: don't wait for me and order the food
Gabriel: no problem, shall we also order something for you?
Gabriel: so that you get it as soon as you get to us?
Lilly: good idea!
Lilly: pasta with salmon and basil is always very tasty there","Lilly apologizes for being late, suggests ordering without her. Gabriel offers to order for her. Lilly chooses pasta with salmon and basil."
13730929,"Cara: hey
Cara: are you at home
Celine: hey Cara
Celine: No i'm not
Cara: okay then, i just wanted to pass by
Celine: im sorry, i can drop by in the evening if you dont mind
Cara: its fine, call me then if you decide to come
Celine: ok","Cara wanted to visit Celine, who was not at home; they planned to meet later in the evening."
13863033,"Craig: Man, u there?
Derek: Yeah, tell me
Craig: I need help with my computer
Derek: What happened?
Craig: I don't know exactly but it's not working
Derek: Well, ok... give me 20 minutes, got to get to my car
Craig: Ok, thanks
Derek: No prob",Craig asks Derek for help with his computer. Derek agrees and asks for 20 minutes to arrive. They thank each other.
13729905,"Paul: What color flowers should I get
Cindy: any just not yellow
Paul: ok, pink?
Cindy: no maybe red
Paul: just tell me what color and what type ok?
Cindy: ugh, red roses! ",Paul asks Cindy about flower color. Cindy prefers red roses.
13829307,"Mary: Hello, I think you've left your credit card at our shop
Jenny: Thank you for getting in touch! Thank you so much!
Mary: No worries :)
Jenny: When can I pick it up?
Mary: Whenever you come, it's safe with one of our cashiers :)","Mary informs Jenny about her lost credit card, assures its safety, and offers flexible pickup at the shop."
13680802,"Laura: Where are you?
Paul: Almost there.
Laura: Which is?
Paul: Close to the Mac.
Laura: That's so far away!
Paul: 15 mins
Laura: I am not waiting any more, see you some other time.
Paul: Please, wait!
Laura: I've waited 30 minutes, 15 minutes ago you wrote you were almost here. This is too much.
Paul: I am so sorry.
Laura: I am not. ","Paul is running late, Laura gets impatient and decides not to wait."
13818220,"Salma: <file_video>
Salma: the latest cat meme
Hugh: oh sweet, I can never get enough of those lol
Hugh: <file_photo>
Salma: hahaha same",Salma and Hugh share cat memes and express enjoyment.
13864554,"Jake: we don't have english today
Nadia: whooooah!
Vanessa: cool! you sure though?
Jake: Smith called in sick, they couldn't find a replacement, oh yeah",Jake informs Nadia and Vanessa English class is canceled due to Smith's absence.
13715960,"Brandon: Shit, I've lost my credit card!
Brandon: I blocked it in the bank but it will take time before I get a new one
Brandon: can you lend me $ 100 guys?
Luke: sorry man, Im broke:/
Brandon: I see
Ian: what a misfortune, dude
Ian: I can lend you $$, no problem
Brandon: thanks, dude!","Brandon lost his credit card and needs money; Luke is broke, but Ian lends him the money."
13716051,"Inez: My dears, our evening inspired me to create this group conversation to plan further Food Evenings :)
Inez: This is my proposal for the next one: <file_photo>
Alicja: Wow, I will actually feel happy going to work thanks to this :D
Gosia: Happy going to work and even happier leaving it haha
Alicja: Just too bad that the time between 9 and 17 will be wasted :P
Patrycja: I really liked our evening, even the pizza was delicious :) How did you girls like it?
Inez: I loved it, Gosia really chose a great place :)
Gosia: I am an expert at eating :D
Alicja: Have you been to this restaurant Inez sent?
Gosia: No, it is quite new. But I heard good opinions! :D
Patrycja: And it fits with our theme of exploring world cuisines :)
Alicja: First Italy, now Korea! :D
Inez: So when could we do this again?
Gosia: I am not sure, but we have to before the holidays!
Patrycja: We should have less work in two weeks, we could go again on Wednesday?
Alicja: Sounds good to me!
Inez: Me too :D",Friends plan future Food Evenings after enjoying pizza together. They express excitement for the next gathering.
13817976,"Jane: google maps says it is at least 3h <file_other>
Steven: I used to make it in 2, trust me :D
Jane: but it's almost 300km..
Steven: the road is new , we will make it ^^
Jane: I don't want  to stress out , let's meet at 4:30 instead of 5, ok?
Steven: ok, if u reaaly want, we can meet at 4:30
Jane: thx! 
Jane: I will wait at the main entrance or where?
Steven: main entrance is good for me;-) 
Steven: cu",Jane and Steven discuss meeting time and location due to travel distance and new road conditions. They agree to meet at 4:30 at the main entrance.
13680611,"Steve: BTW, USA won last night!
Gulab: I forgot to check!
Steve: England playing tomorrow at 2:00!
Gulab: That's right, Croatia?
Steve: Yep.",Steve informs Gulab about the USA's win. They discuss England's match and confirm Croatia as the opponent.
13730529,"Mary: Did you tell your sister I am doing online job?
Mark: yes !
Mary: why
Mark: because she keep saying your good for nothing?
Mary: dint I tell you I don‚Äôt care?
Mark: what happened?
Mary: see I don‚Äôt want to prove anything to anyone..
Mark: I know‚Ä¶ but I was just feeling proud so it was kind of show off‚Ä¶
Mary: she is asking everyone‚Ä¶ and trying to get to the people I am working for
Mark: really!! I am sorry for that‚Ä¶
Mary: don‚Äôt be! I understand your feelings‚Ä¶  but u know how she is‚Ä¶
Mark: I know!! :? ÔÅå
Mary: don‚Äôt be sad now its ok.. she cant do much about it‚Ä¶ chill its ok but just be careful
Mark: I will be ..
Mary: btw it feels good that she is so jealous :P
Mark: lol my aim was to make her feel jealous
Mary: but i dont like it that she tries to contact the people i am working for ... what does she want?
Mark: may be she wants to confirm if its true... because its not easy to digest that your working from home and earning well!!!
Mary: whatever i just hate her
Mark: chill now .... :) love you
Mary: i am chilled :cool: ... love you too honey","Mary tells Mark not to tell her sister about her online job due to her sister's judgmental behavior. Mark accidentally brags to Mary's sister, causing discomfort. Mary expresses frustration with her sister's actions while Mark apologizes and reassures Mary. The conversation ends with mutual understanding and affection."
13813575,"Fiona: Are you free?
Tina: Yes, what's up?
Fiona: I'm trying to prepare a nice dinner for Chris and I thought that maybe I could prepare this tart of yours :)
Tina: I'm flattered!
Fiona: Well, it IS delicious :) Could help me do it?
Tina: Sure! It's not difficult. Do you have anything ready?
Fiona: I must admit I bought the crust...
Tina: Oh, ok :P Pity, but well, it's too late now.
Fiona: I tried making the filling once, but I finished with lemony scrambled eggs...
Tina: It happens, don't worry. The thing is that once you start adding eggs you can't stop mixing it, otherwise you'll end up with scrambled eggs.","Fiona asks Tina for tart recipe, Tina agrees. Fiona admits buying crust. Tina advises on egg mixing."
13865384,"Peadar: So who's coming for a drink later then??!
Clare: Oh lols soz I'm not in town
Annette: A drink?!!?!!
Peadar: A drink!!!
Annette: I‚Äôm home sick soz huns
Annette: Got lung lurgy
Oli: Are people at Jesus bar now?
James: Heading to Jesus bar now! Come join :) turn left as you come into college
Anne: Woops.. . Sorry guys I double booked myself!
Helen: Yes! Jesus bar, from around 9.15 ish
Peadar: Was that just a question oliüòã or did you mean... I'll join yeüòÅ
Oli: I cycled and ran around the bar, but couldn't find anyone üò¢
Clare: You cycled around the bar?
Oli: To the bar üòÖ
Helen: üôàüòçüòá","Friends plan to meet at Jesus bar. Confusion over location, conflicting schedules, and spirited responses ensue."
13728017,"Ryan: I have a bad feeling about this
Ryan: <file_other>
Sebastian: Ukraine...
Sebastian: This russian circus will never end...
Ryan: I hope the leaders of of nations will react somehow to this shit.
Sebastian: I hope so too :(","Ryan shares concern, Sebastian mentions Ukraine, hoping for global leaders to act on the situation."
13611803,"Harry: and? have you listened to it?
Jacob: listened to what?
Harry: to the song i sent you 3 days ago -.-
Jacob: oh shit, i completely forgot...
Harry: ofc again
Jacob: don't be like this :* i'll do that later tonight
Harry: heh, okay
Harry: i'm really curious what you'll think about it
Jacob: i'll let you know, a bit busy right now, speak to you later!
Harry: okay","Harry reminds Jacob about sending a song, Jacob forgot, promises to listen later. Curiosity and understanding expressed."
13729817,"Ray: u in ur room?
Max: no whats up
Ray: someone locked the door from outside -_-
Max: wtf xD
Ray: yeah dude cmon u gotta let me out
Max: but im out
Ray: are u kidding me
Max: sorry man XD
Ray: dude i have to pee
Max: HAHAHAHHAHAHA XD
Ray: thats not funny >.<
Max: it actually is xD
Ray: can u ask someone else to do it
Max: yea let me see if my roommates there
Ray: HURRY
Max: hes coming
Ray: tell him to HURRYYY
Max: hes on his way 
Ray: he opened it, thanks
Max: enjoy XD","Ray is locked in his room, asking Max to unlock door. Max jokes before getting help. Ray is freed."
13810694,"Josh: I need to buy an iPad?
Josh: do u think apple it's a good choice?
Brian: Nope, u gonna pay to have the sign of apple  on yr fucking iPad.
Josh: so what would u recommend?
Brian: u mean brands?
Brian: Samsung, Xiaomi, Sony
Brian: depends on yr budget..
Josh: let's say 2000..
Brian: what about this ? <file_other>
Brian: or this <file_other>
Brian: actually, if u want samsung I can get it cheaper for u
Josh: oh, good
Brian: call me after work, ok?
Josh: ok","Josh contemplates buying an iPad, Brian recommends Samsung, Xiaomi, or Sony due to budget constraints. They plan to discuss further later."
13820547,"Olafur: are we doing anything for New Year's Eve?
Nathalie: I was thinking about something classy, like opera or sth like that
Zoe: how much does it cost?
Olafur: opera is not for me
Nathalie: so what do you propose?
Nathalie: it's 100$ 
Olafur: I was thinking about partying somewhere
Nathalie: partying sounds fun, as long as it will be classy
Zoe: <file_link>
Zoe: Breakfast at Tiffany's party sounds classy
Olafur: <file_link> 
Olafur: is it classy enough?
Nathalie: :O
Nathalie: this club is AMAZING
Zoe: whoa
Nathalie: we'll going to Soho then
Olafur: we just need to hurry up and buy some tickets soon
Zoe: sure","The friends discuss New Year's Eve plans, debating between opera and a party, finally deciding on a classy club."
13728313,"Kim: Hey, listen, have you got any idea where I can get some fresh ramal fish in Warsaw?
Margot: Hi, I don't know about ""fresh"", but you could try the marketplace at Polna street. 
Margot: Other than that, I haven't got a clue...
Kim: Already tried Polna :(
Margot: Ah!
Margot: Hm...
Margot: And did you check Internet for fish market in Warsaw?
Kim: Yeah, there's none.
Kim: Or I didn't find it. 
Margot: You could have a look at restaurants' menus. And if you find it there, you could ask about their source. 
Margot: Although I'm not sure they'd eager to give you such infromation. But you can always try..
Kim: Great idea, I haven't though about this! Thx!
Kim: I'll try. After all, I have nothing to loose. 
Margot: Btw, is there a special occasion you want to cook it for?
Kim: Yes! Acctually I'll grill it ;)
Kim: And it's a surprise, so I'm not giving away any details!
Margot: I'm so curious!
Margot: I understant it's sth good, so I'm happy for you girl :)
Kim: Indeed, it's good. But you won't get any more infromation from me now.
Kim: All in good time :)
Margot: Cruel you! Find that fish!!! ;)
Kim: :D","Kim seeks fresh ramal fish in Warsaw, Margot suggests checking the Polna street marketplace and restaurant menus. Kim plans a surprise meal."
13730868,"Tom: Ben. We've decided. 2pm in the Oval Room.
Ben: Ok, I'll be there
Tom: Take all your papers, it's going to be a fight! And remember: take no prisoners, shoot to kill!
Ben: hahaha, we have to win this battle.
Tom: We will, the justice is on our side.","Tom and Ben plan a meeting to discuss a matter, aiming to win with justice on their side."
13862919,"Ashleigh: Looks like we're going to the cinema!! 
Ashleigh: <file_gif>
Peter: You got the job??
Ashleigh: I got hte job! :D
Peter: <file_gif>
Ashleigh: <file_gif>",Ashleigh is excited about going to the cinema and tells Peter she got the job. Peter congratulates her.
13682034,"Danna: How's your Saturday?
Reed: It was alright thanks
Danna: Good
Reed: Yours ?
Danna: Boring
Reed: Why?
Danna: I'm angry I called maybe 5-8 of my friends and they aren't around or are busy.
Reed: Shame
Danna: So it's is the next boring weekend for me
Reed: That sucks
Danna: The only thing I can do is watching TV -.-
Reed: Haha lucky you
Danna: Yeah haha
Reed: I don't have tv, our subscription expired and they never renewed it. They want us to pay for it so fuck it
Danna: Yeah. What are you doing?
Reed: I'm in bed
Danna: Work tomorrow?
Reed: No. Off tomorrow
Danna: Nice
Reed: Indeed","Danna had a boring Saturday due to friends being busy, planning to watch TV. Reed was relaxed at home."
13728444-1,"Maddie: I'm in Asda, do you need anything?
John: could do with a white bread and some apples 
Maddie: ok. Gala?
John: yes please ta","Maddie asks John if he needs groceries, John requests white bread and apples, specifying he wants Gala apples."
13829161,"Elliot: i can't talk rn, i'm rly busy
Elliot: can i call u back in about 2 hours?
Jordan: Not really, I'm going to a funeral.
Jordan: I'll call you tonight, ok?
Elliot: sure
Elliot: whose funeral is it?
Jordan: My colleague's, Brad.
Jordan: I told you about him, he had a liver cancer.
Elliot: i'm so sorry man, i hope u're ok
Elliot: i'll call u at 8 pm","Elliot is busy, wants to call back later. Jordan going to a funeral. Brad died of liver cancer."
13680110,"Flo: OMG, I can't get into the salon until the 6th!
Gina: What? Why?
Flo: They're just too busy. I'm going to be gray! LOL!
Gina: Get you a touch-up kit at Tesco!
Flo: Gonna have to!","Flo can't get a salon appointment, so Gina suggests buying a touch-up kit from Tesco."
13864619,"Ying: <file_photo>
Ying: my 10 years challenge everyone
Helen: wow
Norma: :O
Zazu: dude...
Zazu: I'm impressed","Ying shows a photo for the 10-year challenge, and his friends are impressed by the transformation."
13862773,"Randolph: Honey
Randolph: Are you still in the pharmacy?
Maya: Yes
Randolph: Buy me some earplugs please
Maya: How many pairs?
Randolph: 4 or 5 packs
Maya: I'll get you 5
Randolph: Thanks darling","Randolph asks Maya to buy earplugs, she agrees and gets him 5 packs. He thanks her."
13729857,"Jane: hey david, you're coming home for christmas next week right?
David: of course
Jane: good
Jane: do you know what your dad would like for christmas?
Jane: i can't think of anything
David: you should get him an ipad
David: he can read books, email, watch movies, play games
Jane: ok, that sounds good, where can i get one?
David: i'll order it online and have it shipped home
Jane: thanks for your help
Jane: and please let me know when you'll get here once your travel arrangements are set.",Jane confirms David's Christmas plans and seeks gift advice. David suggests an iPad for their dad. They plan to order it online together.
13680398,"Hollie: How are you?
Amy: hey
Amy: i'll get back to you later, working now
Hollie: Ok.","Hollie checks in on Amy, who is busy and promises to respond later."
13730772,"Huda: going swimming wanna join?
Alex: sure.. what time?
Huda: in 2 hours 
Alex: ok i will be there then
Huda: see ya","Huda invited Alex to go swimming in two hours, and Alex agreed to meet there."
13611559,"Teacher: Rashi, why are you so low? 
Rashi: Ma‚Äôam I‚Äôm a bit confused about my career. 
Teacher: What is your confusion?
Rashi: I was discussing with my friends about the career options. 
Teacher: Hmm.
Rashi: There are too many to choose from.
Teacher: Choose a career based on what truly interests you. 
Rashi: I have many that interests me. How does it determine the career?
Teacher: The passion you have for what you do drives you to success. 
Rashi: But what about earnings?
Teacher: Remember at some point of time one should learn to balance  between duties and success.
Rashi: How do I do that?
Teacher: Choose a career which interests you, get experienced and try to progress and widen the scope after a while.
Rashi: Hmm, ok.
Teacher: Something like earn and learn sort of..
Rashi: You are so right. I will remember this.
Teacher: So hope I managed to answer your questions.
Rashi: Yes mam! Thank you very much! 
Teacher : You are most welcome, Rashi.",Teacher advises Rashi to choose a career based on passion and balance earnings with learning and progression.
13829829,"Marta: Hey hey :)
Marta: üòä
Marta: Do you happen to know a good technician, that fixes PC's? üòë
Joel: Hello! No, sorry. I only know of the guys in IT, back at the office. However Pablo, the best one on the team, he is on vacation this week..:/
Joel: Ask Cynthia or Elena, they might know someone.
Marta: Ok, thank you! Yes, I will give them a try ü§û",Marta asks Joel for a PC technician recommendation; Joel suggests asking colleagues Cynthia or Elena.
13611640,"Ann: What should I prepare 4 my dad's birthday?
Fiona: How old is he?
Ann: turning 50
Fiona: wow, a round birthay, it must be sth big
Ann: I know, but I don't have any idea
Fiona: surprise party?
Ann: My dad hates dose
Fiona: ok, so what does he like?
Ann: I don't know, he watch a lot of military movie
Fiona: well, a movie ticket is probably not what you thought of
Ann: not even close
Fiona: Maybe some event. U know like bungee jumping or parachute jump
Ann: that would be nice but he's afraid of heights
Fiona: damn, maybe sth you can do together
Ann: well I was plannig dinner with the whole family, but that's not enough
Fiona: yes, there should be sth special also
Ann:  I know, but I'm out of 
Fiona: Let me think. Nothing with heights but maybe sth on the ground? Racing? Horse riding?
Ann: ok, it's a good direction. Maybe some team play, we could go with the whole family
Fiona: u said he likes military... maybe paintball? 
Ann: I don't know how my mum will react but I like it :D
Fiona: I guess she's not into military
Ann: not really, no. But it's dad's birthday so she has to accept it. Thx for the help
Fiona: no problem",Ann seeks birthday gift ideas for her dad turning 50. Fiona suggests a paintball event for the family.
13829756,"Lisa: I have to clean the house.
Bob: Yes, it's very dirty.
Lisa: You can help me.
Bob: Why me?
Lisa: Because you helped make it dirty.
Bob: What do you want me to do?
Lisa: I want you to clean the bathroom.
Bob: Oh, that's easy.
Lisa: Clean the sink, the tub, the counter, and the toilet.
Bob: That's a lot of work.
Lisa: Tell me when you finish.
Bob: I don't think so. You'll just give me more work. ","Lisa asks Bob to help clean the dirty house, assigning him bathroom cleaning tasks, to which Bob hesitates."
13729790,"luke: Hey, was just thinking, we should avail ourselves for team selection tomorrow regardless of our injuries
martial: thats what i was thinking also
luke: we should let Jose know that tomorrow
martial: the first thing in the morning infact
luke: the fixtures are really piling up and we need to help the team
martial: yeah, thats for sure, we are a family
luke: we will the coach know that we are ready to play
martial: despite the little pain, me i'm ready
luke: me too
martial: so we meet up at carrington and go to his office very early
luke: yeah, both of us
martial: ok, we'll go together
luke: cool 
martial: ok",Luke and Martial plan to inform their coach they are ready for team selection despite injuries. They will meet early.
13828618,"Frederick: do u like ur new next door neighbors?
Frederick: they seemed really cool yesterday when we ran into them
Ricky: they're nice people but they're incredibly noise
Ricky: they also have parakeet that wouldn't stop squawking all night long hahaha
Frederick: sucks to be you",Frederick likes the new neighbors; Ricky finds them noisy due to a loud parakeet.
13729101,"Brenda: Hello, is this Sandra Donovan?
Sandra: Yes, well that was my maiden name, it's Sandra Taylor now.
Brenda: It's Brenda Riley, we used to work together in the clothes factory!
Sandra: Oh my God! Bren! How are you, it must be 25 years!
Brenda: I'm fine, I live in Stoke now, moved away from Brum in the late 90s.
Sandra: I still live in Kings Norton, same house, same husband! I've got 4 grandchildren now, ages 2, 4, 9 and 15! How about you?
Brenda: Unfortunately, my husband Bill died 5 years ago, I have only one grandchild, she's 7, my little angel, she doesn't remember her Gramps. 
Sandra: So sorry, love, I remember your Bill, he had long black hair and massive sideburns, didn't he?
Brenda: Well, yes, about 45 years ago, he was bald when he passed away. He loved to dance, he did Northern Soul, we both did actually. Went up to Wigan on weekends, happy times!
Sandra: Oh yes, I remember that craze, bit energetic for me! We liked disco instead! We had some great dinner dances with the factory, do you remember them?
Brenda: Yes! Us all dressed up with our long dresses and the men with their frilly evening shirts, lovely memories!
Sandra: Do you still see any of the girls from Lister's?
Brenda: No, but I heard that Marigold Carter died, very sad.
Sandra: Hey Bren, I've had a brainwave! How about we organise a reunion for the Lister's girls, look on social media for them?
Brenda: Actually, I was thinking along those lines! Do you fancy meeting up, just you and me? I can come down to Birmingham anytime.
Sandra: That would be lovely! Can you manage it next Saturday? We could meet about 11ish and go for lunch and a good old trip down memory lane!
Brenda: Oh yes! I'd love that! I'll get back to you about train times soon!
Sandra: Ok! Bye love!","Brenda and Sandra reconnect after 25 years, sharing memories and planning a reunion. They excitedly agree to meet next Saturday."
